[
  {"model": "function.manufacturer", "pk": 1, "fields": {"title": "Lumina Luxe", "country": "Италия", "description": "Элитный хрусталь и классический дизайн."}},
  {"model": "function.manufacturer", "pk": 2, "fields": {"title": "Nordic Light", "country": "Швеция", "description": "Минимализм, дерево и натуральные материалы."}},
  {"model": "function.manufacturer", "pk": 3, "fields": {"title": "Z-Tech Lighting", "country": "Китай", "description": "Современные LED решения и умный дом."}},
  {"model": "function.manufacturer", "pk": 4, "fields": {"title": " Loft Art", "country": "Германия", "description": "Индустриальный стиль и необработанный металл."}},
  {"model": "function.manufacturer", "pk": 5, "fields": {"title": "Уютный Свет", "country": "Россия", "description": "Традиционные домашние светильники."}},

  {"model": "function.category", "pk": 1, "fields": {"title": "Потолочные люстры", "description": "Центральное освещение для комнат"}},
  {"model": "function.category", "pk": 2, "fields": {"title": "Настенные бра", "description": "Уютная подсветка для чтения"}},
  {"model": "function.category", "pk": 3, "fields": {"title": "Напольные торшеры", "description": "Переносной свет для гостиной"}},
  {"model": "function.category", "pk": 4, "fields": {"title": "Настольные лампы", "description": "Для рабочего стола и офиса"}},
  {"model": "function.category", "pk": 5, "fields": {"title": "Уличное освещение", "description": "Фонари и прожекторы"}},
  {"model": "function.category", "pk": 6, "fields": {"title": "Точечный свет", "description": "Встраиваемые LED светильники"}},
  {"model": "function.category", "pk": 7, "fields": {"title": "Трековые системы", "description": "Профессиональный направленный свет"}},
  {"model": "function.category", "pk": 8, "fields": {"title": "Детские ночники", "description": "Безопасный мягкий свет"}},
  {"model": "function.category", "pk": 9, "fields": {"title": "Умные лампы", "description": "Управление со смартфона"}},
  {"model": "function.category", "pk": 10, "fields": {"title": "Архитектурный свет", "description": "Подсветка фасадов"}},

  {"model": "function.product", "pk": 1, "fields": {"title": "Люстра 'Венеция'", "description": "12 ламп, хрусталь", "product_photo": "products/venice.jpg", "price": "45000.00", "amount_in_stock": 3, "category": 1, "manufacturer": 1}},
  {"model": "function.product", "pk": 2, "fields": {"title": "Бра 'Сканди'", "description": "Светлое дерево и лен", "product_photo": "products/scandi_bra.jpg", "price": "3200.00", "amount_in_stock": 15, "category": 2, "manufacturer": 2}},
  {"model": "function.product", "pk": 3, "fields": {"title": "Торшер 'Эдисон'", "description": "Металлический каркас в стиле лофт", "product_photo": "products/edison.jpg", "price": "8900.00", "amount_in_stock": 7, "category": 3, "manufacturer": 4}},
  {"model": "function.product", "pk": 4, "fields": {"title": "Умная лампа Z1", "description": "RGB подсветка, 16 млн цветов", "product_photo": "products/z1.jpg", "price": "1900.00", "amount_in_stock": 50, "category": 9, "manufacturer": 3}},
  {"model": "function.product", "pk": 5, "fields": {"title": "Настольная лампа 'Офис'", "description": "Сенсорное управление яркостью", "product_photo": "products/office.jpg", "price": "4500.00", "amount_in_stock": 20, "category": 4, "manufacturer": 5}},
  {"model": "function.product", "pk": 6, "fields": {"title": "Прожектор 'Парк'", "description": "IP65 влагозащита", "product_photo": "products/park.jpg", "price": "2700.00", "amount_in_stock": 10, "category": 5, "manufacturer": 3}},
  {"model": "function.product", "pk": 7, "fields": {"title": "Люстра 'Сфера'", "description": "Минималистичный дизайн", "product_photo": "products/sphere.jpg", "price": "12000.00", "amount_in_stock": 5, "category": 1, "manufacturer": 2}},
  {"model": "function.product", "pk": 8, "fields": {"title": "Ночник 'Луна'", "description": "Беспроводная зарядка", "product_photo": "products/moon.jpg", "price": "1500.00", "amount_in_stock": 30, "category": 8, "manufacturer": 3}},
  {"model": "function.product", "pk": 9, "fields": {"title": "Трек-спот Black", "description": "Магнитное крепление", "product_photo": "products/track.jpg", "price": "3400.00", "amount_in_stock": 25, "category": 7, "manufacturer": 4}},
  {"model": "function.product", "pk": 10, "fields": {"title": "Бра 'Классика'", "description": "Позолота, белый плафон", "product_photo": "products/gold.jpg", "price": "5600.00", "amount_in_stock": 8, "category": 2, "manufacturer": 1}},
  {"model": "function.product", "pk": 11, "fields": {"title": "Светильник 'Точка'", "description": "Белый матовый", "product_photo": "products/spot.jpg", "price": "850.00", "amount_in_stock": 100, "category": 6, "manufacturer": 3}},
  {"model": "function.product", "pk": 12, "fields": {"title": "Торшер 'Атмосфера'", "description": "Меняет цвет под музыку", "product_photo": "products/music.jpg", "price": "14500.00", "amount_in_stock": 4, "category": 3, "manufacturer": 3}},
  {"model": "function.product", "pk": 13, "fields": {"title": "Настольная 'Лава'", "description": "Декоративная лампа", "product_photo": "products/lava.jpg", "price": "2800.00", "amount_in_stock": 12, "category": 4, "manufacturer": 5}},
  {"model": "function.product", "pk": 14, "fields": {"title": "Подсветка 'Грация'", "description": "Для картин и зеркал", "product_photo": "products/gracia.jpg", "price": "4100.00", "amount_in_stock": 6, "category": 10, "manufacturer": 1}},
  {"model": "function.product", "pk": 15, "fields": {"title": "Люстра 'Лофт Грин'", "description": "Зеленое стекло", "product_photo": "products/green.jpg", "price": "9800.00", "amount_in_stock": 9, "category": 1, "manufacturer": 4}},
  {"model": "function.product", "pk": 16, "fields": {"title": "Бра 'Мини'", "description": "Компактный размер", "product_photo": "products/mini.jpg", "price": "1200.00", "amount_in_stock": 40, "category": 2, "manufacturer": 5}},
  {"model": "function.product", "pk": 17, "fields": {"title": "Уличный фонарь 'Old'", "description": "Стиль 19 века", "product_photo": "products/old.jpg", "price": "6700.00", "amount_in_stock": 10, "category": 5, "manufacturer": 4}},
  {"model": "function.product", "pk": 18, "fields": {"title": "Детский 'Мишка'", "description": "Сенсорный ночник", "product_photo": "products/bear.jpg", "price": "1100.00", "amount_in_stock": 25, "category": 8, "manufacturer": 5}},
  {"model": "function.product", "pk": 19, "fields": {"title": "Светильник 'Куб'", "description": "Геометрический дизайн", "product_photo": "products/cube.jpg", "price": "5200.00", "amount_in_stock": 14, "category": 6, "manufacturer": 2}},
  {"model": "function.product", "pk": 20, "fields": {"title": "Люстра 'Космос'", "description": "Для натяжных потолков", "product_photo": "products/space.jpg", "price": "18000.00", "amount_in_stock": 2, "category": 1, "manufacturer": 3}},
  {"model": "function.product", "pk": 21, "fields": {"title": "Лампа 'Ретро'", "description": "Латунный корпус", "product_photo": "products/retro.jpg", "price": "7400.00", "amount_in_stock": 5, "category": 4, "manufacturer": 1}},
  {"model": "function.product", "pk": 22, "fields": {"title": "Бра 'Кристалл'", "description": "С преломлением света", "product_photo": "products/crystal.jpg", "price": "3900.00", "amount_in_stock": 18, "category": 2, "manufacturer": 1}},
  {"model": "function.product", "pk": 23, "fields": {"title": "Торшер 'Зигзаг'", "description": "Футуристичная форма", "product_photo": "products/zigzag.jpg", "price": "11200.00", "amount_in_stock": 3, "category": 3, "manufacturer": 2}},
  {"model": "function.product", "pk": 24, "fields": {"title": "Садовый шар", "description": "На солнечной батарее", "product_photo": "products/ball.jpg", "price": "2300.00", "amount_in_stock": 20, "category": 5, "manufacturer": 3}},
  {"model": "function.product", "pk": 25, "fields": {"title": "Смарт-лента 5м", "description": "Управление через Алису", "product_photo": "products/strip.jpg", "price": "3100.00", "amount_in_stock": 45, "category": 9, "manufacturer": 3}},
  {"model": "function.product", "pk": 26, "fields": {"title": "Люстра 'Паук'", "description": "Для высоких потолков", "product_photo": "products/spider.jpg", "price": "14000.00", "amount_in_stock": 6, "category": 1, "manufacturer": 4}},
  {"model": "function.product", "pk": 27, "fields": {"title": "Офисная панель", "description": "Тонкая LED панель", "product_photo": "products/panel.jpg", "price": "2900.00", "amount_in_stock": 30, "category": 6, "manufacturer": 3}},
  {"model": "function.product", "pk": 28, "fields": {"title": "Ночник 'Звезды'", "description": "Проектор неба", "product_photo": "products/stars.jpg", "price": "1800.00", "amount_in_stock": 15, "category": 8, "manufacturer": 5}},
  {"model": "function.product", "pk": 29, "fields": {"title": "Архитектурная заливка", "description": "Фасадный свет", "product_photo": "products/facade.jpg", "price": "8500.00", "amount_in_stock": 10, "category": 10, "manufacturer": 3}},
  {"model": "function.product", "pk": 30, "fields": {"title": "Бра 'Дерево'", "description": "Ручная работа", "product_photo": "products/wood.jpg", "price": "4700.00", "amount_in_stock": 4, "category": 2, "manufacturer": 2}},
  {"model": "function.product", "pk": 31, "fields": {"title": "Трек-прожектор", "description": "Для выставочных залов", "product_photo": "products/pro.jpg", "price": "5600.00", "amount_in_stock": 12, "category": 7, "manufacturer": 4}},
  {"model": "function.product", "pk": 32, "fields": {"title": "Лампа 'Шелковая'", "description": "С тканевым абажуром", "product_photo": "products/silk.jpg", "price": "3800.00", "amount_in_stock": 7, "category": 4, "manufacturer": 5}},
  {"model": "function.product", "pk": 33, "fields": {"title": "Люстра 'Минор'", "description": "Черный матовый металл", "product_photo": "products/minor.jpg", "price": "11500.00", "amount_in_stock": 8, "category": 1, "manufacturer": 4}},
  {"model": "function.product", "pk": 34, "fields": {"title": "Торшер 'Арка'", "description": "Дугообразный светильник", "product_photo": "products/arch.jpg", "price": "16700.00", "amount_in_stock": 2, "category": 3, "manufacturer": 2}},

  {"model": "auth.user", "pk": 10, "fields": {"username": "andrey_svet", "is_active": true}},
  {"model": "auth.user", "pk": 11, "fields": {"username": "elena_design", "is_active": true}},
  {"model": "auth.user", "pk": 12, "fields": {"username": "master_light", "is_active": true}},
  {"model": "auth.user", "pk": 13, "fields": {"username": "nina_home", "is_active": true}},
  {"model": "auth.user", "pk": 14, "fields": {"username": "victor_pro", "is_active": true}},

  {"model": "function.cart", "pk": 1, "fields": {"user": 10, "creation_date": "2023-10-27T12:00:00Z"}},
  {"model": "function.cart", "pk": 2, "fields": {"user": 11, "creation_date": "2023-10-27T12:00:00Z"}},
  {"model": "function.cart", "pk": 3, "fields": {"user": 12, "creation_date": "2023-10-27T12:00:00Z"}},
  {"model": "function.cart", "pk": 4, "fields": {"user": 13, "creation_date": "2023-10-27T12:00:00Z"}},
  {"model": "function.cart", "pk": 5, "fields": {"user": 14, "creation_date": "2023-10-27T12:00:00Z"}}

]
